Workbook

Sheet Instruksi_AHP
A1: Template AHP Dinamis - Petunjuk Singkat
A2: 1) Isi matriks perbandingan (pairwise) di sheet 'Criteria_Pairwise' untuk kriteria.
A3: 2) Isi nilai perbandingan antar alternatif pada tiap sheet 'Alt_Pairwise_<Kriteria>' (isi diagonal =1 dan bagian atas segitiga atas).
A4: 3) Semua sheet '..._Normalized' dan 'Aggregation' berisi rumus otomatis yang akan menghitung bobot, konsistensi, dan skor global.
A6: Catatan: ubah nilai pada sheet pairwise, bukan pada sheet normalized atau aggregation.

Sheet Criteria_Pairwise
B1: Usia | C1: Pendapatan | D1: Jaminan | E1: Pekerjaan
A2: Usia | B2: 1 | C2: 0.5 | D2: 0.5 | E2: 1 | G2: =SUM(B2:B5) -> 6
A3: Pendapatan | B3: 2 | C3: 1 | D3: 1 | E3: 2 | G3: =SUM(C2:C5) -> 3
A4: Jaminan | B4: 2 | C4: 1 | D4: 1 | E4: 3 | G4: =SUM(D2:D5) -> 2.8333333
A5: Pekerjaan | B5: 1 | C5: 0.5 | D5: 0.33333333 | E5: 1 | G5: =SUM(E2:E6) -> 7

Sheet Criteria_Normalized
B1: Usia | C1: Pendapatan | D1: Jaminan | E1: Pekerjaan | F1: Weight | G1: AW | H1: Lambda
A2: Usia | B2: =Criteria_Pairwise!B2/B6 -> 0.16666667 | C2: =Criteria_Pairwise!C2/C6 -> 0.16666667 | D2: =Criteria_Pairwise!D2/D6 -> 0.17647059 | E2: =Criteria_Pairwise!E2/E6 -> 0.14285714 | F2: =AVERAGE(B2:E2) -> 0.16316527 | G2: {=MMULT(Criteria_Pairwise!B2:E5, F2:F5)} -> 0.65581232 | H2: =G2/F2 -> 4.0193133
A3: Pendapatan | B3: =Criteria_Pairwise!B3/B6 -> 0.33333333 | C3: =Criteria_Pairwise!C3/C6 -> 0.33333333 | D3: =Criteria_Pairwise!D3/D6 -> 0.35294118 | E3: =Criteria_Pairwise!E3/E6 -> 0.28571429 | F3: =AVERAGE(B3:E3) -> 0.32633053 | G3: 1.3116246 | H3: =G3/F3 -> 4.0193133
A4: Jaminan | B4: =Criteria_Pairwise!B4/B6 -> 0.33333333 | C4: =Criteria_Pairwise!C4/C6 -> 0.33333333 | D4: =Criteria_Pairwise!D4/D6 -> 0.35294118 | E4: =Criteria_Pairwise!E4/E6 -> 0.42857143 | F4: =AVERAGE(B4:E4) -> 0.36204482 | G4: 1.460084 | H4: =G4/F4 -> 4.032882
A5: Pekerjaan | B5: =Criteria_Pairwise!B5/B6 -> 0.16666667 | C5: =Criteria_Pairwise!C5/C6 -> 0.16666667 | D5: =Criteria_Pairwise!D5/D6 -> 0.11764706 | E5: =Criteria_Pairwise!E5/E6 -> 0.14285714 | F5: =AVERAGE(B5:E5) -> 0.14845938 | G5: 0.59547152 | H5: =G5/F5 -> 4.0110063
B6: =SUM(Criteria_Pairwise!B2:B5) -> 6 | C6: =SUM(Criteria_Pairwise!C2:'Criteria_Pairwise'!C5) -> 3 | D6: =SUM(Criteria_Pairwise!D2:'Criteria_Pairwise'!D5) -> 2.8333333 | E6: =SUM(Criteria_Pairwise!E2:'Criteria_Pairwise'!E5) -> 7
A10: Lambda_max | B10: =AVERAGE(H2:H5) -> 4.0206287
A11: CI | B11: =(B10- 4)/(4-1) -> 0.0068762425
A12: RI_lookup_table_in_sheet_RI_Table | B12: =VLOOKUP(4,RI_Table!A2:B11,2,FALSE) -> 0.9
A13: CR | B13: =B11/B12 -> 0.0076402695

Sheet RI_Table
A1: n | B1: RI
A2: 1 | B2: 0
A3: 2 | B3: 0
A4: 3 | B4: 0.58
A5: 4 | B5: 0.9
A6: 5 | B6: 1.12
A7: 6 | B7: 1.24
A8: 7 | B8: 1.32
A9: 8 | B9: 1.41
A10: 9 | B10: 1.45
A11: 10 | B11: 1.49
A12: 11 | B12: 1.51
A13: 12 | B13: 1.48
... A16: 15 | B16: 1.59

Sheet Alternatives_Data
A1: Alternative | B1: Usia | C1: Pendapatan | D1: Jaminan | E1: Pekerjaan | G1: Kriteria | H1: Kategori | I1: Rentang
A2: Alt_1 | B2: 3 | C2: 2 | D2: 2 | E2: 2 | G2: Usia | H2: 1 | I2: dibawah 25 tahun
A3: Alt_2 | B3: 3 | C3: 3 | D3: 1 | E3: 1 | H3: 2 | I3: 25 - 36 tahun
A4: Alt_3 | B4: 1 | C4: 2 | D4: 2 | E4: 2 | H4: 3 | I4: 36 - 50 tahun
A5: Alt_4 | B5: 4 | C5: 3 | D5: 1 | E5: 1 | H5: 4 | I5: diatas 50 tahun
A6: Alt_5 | B6: 4 | C6: 2 | D6: 2 | E6: 3 | G6: Pendapatan | H6: 1 | I6: dibawah 2 juta
A7: Alt_6 | B7: 3 | C7: 3 | D7: 1 | E7: 1 | H7: 2 | I7: 2 - 5 juta
A8: Alt_7 | B8: 1 | C8: 1 | D8: 3 | E8: 3 | H8: 3 | I8: 5-10 juta
A9: Alt_8 | B9: 3 | C9: 2 | D9: 2 | E9: 2 | H9: 4 | I9: diatas 10 juta
A10: Alt_9 | B10: 2 | C10: 1 | D10: 1 | E10: 2 | G10: Pekerjaan | H10: 1 | I10: PNS / Karyawan Tetap
A11: Alt_10 | B11: 3 | C11: 3 | D11: 1 | E11: 1 | H11: 2 | I11: Buruh/Karyawan Swasta
H12: 3 | I12: Wirausaha
H13: 4 | I13: Lainnya
G14: Jaminan | H14: 1 | I14: SHM/Sertif Tanah
H15: 2 | I15: BPKB
H16: 3 | I16: Tanpa Jaminan

Sheet Aggregation
A1: Alternative | B1: Usia | C1: Pendapatan | D1: Jaminan | E1: Pekerjaan | F1: Norm_Usia | G1: Norm_Pendapatan | H1: Norm_Jaminan | I1: Norm_Pekerjaan | J1: Score | K1: Rank
A2: Alt_1 | B2: {=Alternatives_Data!B2:E11} -> 3 | C2: 2 | D2: 2 | E2: 2 | F2: =B2/B12 -> 0.11111111 | G2: =C2/C12 -> 0.090909091 | H2: =D2/D12 -> 0.125 | I2: =E2/E12 -> 0.11111111 | J2: =(A17*F2)+(B17*G2)+(C17*H2)+(D17*I2) -> 0.10954698 | K2: =RANK(J2,J2:J11) -> 3
A3: Alt_2 | B3: 3 | C3: 3 | D3: 1 | E3: 1 | F3: =B3/B12 -> 0.11111111 | G3: =C3/C12 -> 0.13636364 | H3: =D3/D12 -> 0.0625 | I3: =E3/E12 -> 0.055555556 | J3: =(A17*F3)+(B17*G3)+(C17*H3)+(D17*I3) -> 0.093504637 | K3: =RANK(J3,J2:J11) -> 7
A4: Alt_3 | B4: 1 | C4: 2 | D4: 2 | E4: 2 | F4: =B4/B12 -> 0.037037037 | G4: =C4/C12 -> 0.090909091 | H4: =D4/D12 -> 0.125 | I4: =E4/E12 -> 0.11111111 | J4: =(A17*F4)+(B17*G4)+(C17*H4)+(D17*I4) -> 0.097460659 | K4: =RANK(J4,J2:J11) -> 6
A5: Alt_4 | B5: 4 | C5: 3 | D5: 1 | E5: 1 | F5: =B5/B12 -> 0.14814815 | G5: =C5/C12 -> 0.13636364 | H5: =D5/D12 -> 0.0625 | I5: =E5/E12 -> 0.055555556 | J5: =(A17*F5)+(B17*G5)+(C17*H5)+(D17*I5) -> 0.099547795 | K5: =RANK(J5,J2:J11) -> 5
A6: Alt_5 | B6: 4 | C6: 2 | D6: 2 | E6: 3 | F6: =B6/B12 -> 0.14814815 | G6: =C6/C12 -> 0.090909091 | H6: =D6/D12 -> 0.125 | I6: =E6/E12 -> 0.16666667 | J6: =(A17*F6)+(B17*G6)+(C17*H6)+(D17*I6) -> 0.12383788 | K6: =RANK(J6,J2:J11) -> 1
A7: Alt_6 | B7: 3 | C7: 3 | D7: 1 | E7: 1 | F7: =B7/B12 -> 0.11111111 | G7: =C7/C12 -> 0.13636364 | H7: =D7/D12 -> 0.0625 | I7: =E7/E12 -> 0.055555556 | J7: =(A17*F7)+(B17*G7)+(C17*H7)+(D17*I7) -> 0.093504637 | K7: =RANK(J7,J2:J11) -> 7
A8: Alt_7 | B8: 1 | C8: 1 | D8: 3 | E8: 3 | F8: =B8/B12 -> 0.037037037 | G8: =C8/C12 -> 0.045454545 | H8: =D8/D12 -> 0.1875 | I8: =E8/E12 -> 0.16666667 | J8: =(A17*F8)+(B17*G8)+(C17*H8)+(D17*I8) -> 0.113503 | K8: =RANK(J8,J2:J11) -> 2
A9: Alt_8 | B9: 3 | C9: 2 | D9: 2 | E9: 2 | F9: =B9/B12 -> 0.11111111 | G9: =C9/C12 -> 0.090909091 | H9: =D9/D12 -> 0.125 | I9: =E9/E12 -> 0.11111111 | J9: =(A17*F9)+(B17*G9)+(C17*H9)+(D17*I9) -> 0.10954698 | K9: =RANK(J9,J2:J11) -> 3
A10: Alt_9 | B10: 2 | C10: 1 | D10: 1 | E10: 2 | F10: =B10/B12 -> 0.074074074 | G10: =C10/C12 -> 0.045454545 | H10: =D10/D12 -> 0.0625 | I10: =E10/E12 -> 0.11111111 | J10: =(A17*F10)+(B17*G10)+(C17*H10)+(D17*I10) -> 0.06604281 | K10: =RANK(J10,J2:J11) -> 10
A11: Alt_10 | B11: 3 | C11: 3 | D11: 1 | E11: 1 | F11: =B11/B12 -> 0.11111111 | G11: =C11/C12 -> 0.13636364 | H11: =D11/D12 -> 0.0625 | I11: =E11/E12 -> 0.055555556 | J11: =(A17*F11)+(B17*G11)+(C17*H11)+(D17*I11) -> 0.093504637 | K11: =RANK(J11,J2:J11) -> 7
B12: =SUM(B2:B11) -> 27 | C12: =SUM(C2:C11) -> 22 | D12: =SUM(D2:D11) -> 16 | E12: =SUM(E2:E11) -> 18 | F12: =SUM(F2:F11) -> 1 | G12: =SUM(G2:G11) -> 1 | H12: =SUM(H2:H11) -> 1 | I12: =SUM(I2:I11) -> 1
A15: Bobot
A16: Usia | B16: Pendapatan | C16: Jaminan | D16: Pekerjaan | E16: Total
A17: =Criteria_Normalized!F2 -> 0.16316527 | B17: =Criteria_Normalized!F3 -> 0.32633053 | C17: =Criteria_Normalized!F4 -> 0.36204482 | D17: =Criteria_Normalized!F5 -> 0.14845938 | E17: =SUM(A17:D17) -> 1
