Workbook

Sheet Criteria_Pairwise
B1: Usia | C1: Pendapatan | D1: Jaminan | E1: Pekerjaan
A2: Usia | B2: 1 | C2: 0.2 | D2: 0.33333333 | E2: 0.5
A3: Pendapatan | B3: 0.2 | C3: 1 | D3: 1 | E3: 3
A4: Jaminan | B4: 0.33333333 | C4: 1 | D4: 1 | E4: 6
A5: Pekerjaan | B5: 0.2 | C5: 3 | D5: 6 | E5: 1
A7: Column Sum | B7: =SUM(B2:B5) -> 1.7333333 | C7: =SUM(C2:C5) -> 5.2 | D7: =SUM(D2:D5) -> 8.3333333 | E7: =SUM(E2:E5) -> 10.5

Sheet Criteria_Normalized
B1: Usia | C1: Pendapatan | D1: Jaminan | E1: Pekerjaan | G1: Weight
A2: Usia | B2: =Criteria_Pairwise!B2/Criteria_Pairwise!B7 -> 0.57692308 | C2: =Criteria_Pairwise!C2/Criteria_Pairwise!C7 -> 0.038461538 | D2: =Criteria_Pairwise!D2/Criteria_Pairwise!D7 -> 0.04 | E2: =Criteria_Pairwise!E2/Criteria_Pairwise!E7 -> 0.047619048 | G2: =AVERAGE(B2:E2) -> 0.17575092
A3: Pendapatan | B3: =Criteria_Pairwise!B3/Criteria_Pairwise!B7 -> 0.11538462 | C3: =Criteria_Pairwise!C3/Criteria_Pairwise!C7 -> 0.19230769 | D3: =Criteria_Pairwise!D3/Criteria_Pairwise!D7 -> 0.12 | E3: =Criteria_Pairwise!E3/Criteria_Pairwise!E7 -> 0.28571429 | G3: =AVERAGE(B3:E3) -> 0.17835165
A4: Jaminan | B4: =Criteria_Pairwise!B4/Criteria_Pairwise!B7 -> 0.19230769 | C4: =Criteria_Pairwise!C4/Criteria_Pairwise!C7 -> 0.19230769 | D4: =Criteria_Pairwise!D4/Criteria_Pairwise!D7 -> 0.12 | E4: =Criteria_Pairwise!E4/Criteria_Pairwise!E7 -> 0.57142857 | G4: =AVERAGE(B4:E4) -> 0.26901099
A5: Pekerjaan | B5: =Criteria_Pairwise!B5/Criteria_Pairwise!B7 -> 0.11538462 | C5: =Criteria_Pairwise!C5/Criteria_Pairwise!C7 -> 0.57692308 | D5: =Criteria_Pairwise!D5/Criteria_Pairwise!D7 -> 0.72 | E5: =Criteria_Pairwise!E5/Criteria_Pairwise!E7 -> 0.095238095 | G5: =AVERAGE(B5:E5) -> 0.37688645
G7: =SUMPRODUCT(Criteria_Normalized!G2:G5) -> 1
A8: lambda_max | G8: =IF(G7>0,(G7-4)/(4-1),0) -> -1
A9: n | B9: 4
A10: CI | B10: =(G7-B9)/(B9-1) -> -1
A11: RI | B11: =CHOOSE(B9,0,0,0.58,0.9,1.12,1.24,1.32,1.41,1.45,1.49) -> 0.9
A12: CR | B12: =IF(B11=0,0,B10/B11) -> -1.1111111

Sheet Alternatives_Data
A1: Alternative | B1: Usia | C1: Pendapatan | D1: Jaminan | E1: Pekerjaan
A2: Alt A | B2: 3 | C2: 3 | D2: 1
A3: Alt B | B3: 3 | C3: 1 | D3: 2
A4: Alt C | B4: 2 | C4: 2 | D4: 3
A5: Alt D | B5: 3 | C5: 3 | D5: 1

Sheet Alt_Pairwise_Usia
B1: Alt A | C1: Alt B | D1: Alt C | E1: Alt D
A2: Alt A | B2: =Alternatives_Data!B2/Alternatives_Data!B2 -> 1 | C2: =Alternatives_Data!B2/Alternatives_Data!B3 -> 1 | D2: =Alternatives_Data!B2/Alternatives_Data!B4 -> 1.5 | E2: =Alternatives_Data!B2/Alternatives_Data!B5 -> 1
A3: Alt B | B3: =Alternatives_Data!B3/Alternatives_Data!B2 -> 1 | C3: =Alternatives_Data!B3/Alternatives_Data!B3 -> 1 | D3: =Alternatives_Data!B3/Alternatives_Data!B4 -> 1.5 | E3: =Alternatives_Data!B3/Alternatives_Data!B5 -> 1
A4: Alt C | B4: =Alternatives_Data!B4/Alternatives_Data!B2 -> 0.66666667 | C4: =Alternatives_Data!B4/Alternatives_Data!B3 -> 0.66666667 | D4: =Alternatives_Data!B4/Alternatives_Data!B4 -> 1 | E4: =Alternatives_Data!B4/Alternatives_Data!B5 -> 0.66666667
A5: Alt D | B5: =Alternatives_Data!B5/Alternatives_Data!B2 -> 1 | C5: =Alternatives_Data!B5/Alternatives_Data!B3 -> 1 | D5: =Alternatives_Data!B5/Alternatives_Data!B4 -> 1.5 | E5: =Alternatives_Data!B5/Alternatives_Data!B5 -> 1
A6: Column Sum | B6: =SUM(B2:B5) -> 3.6666667 | C6: =SUM(C2:C5) -> 3.6666667 | D6: =SUM(D2:D5) -> 5.5 | E6: =SUM(E2:E5) -> 3.6666667

Sheet Alt_Normalized_Usia
B1: Alt A | C1: Alt B | D1: Alt C | E1: Alt D | G1: Local Priority
A2: Alt A | B2: =Alt_Pairwise_Usia!B2/Alt_Pairwise_Usia!B6 -> 0.27272727 | C2: =Alt_Pairwise_Usia!C2/Alt_Pairwise_Usia!C6 -> 0.27272727 | D2: =Alt_Pairwise_Usia!D2/Alt_Pairwise_Usia!D6 -> 0.27272727 | E2: =Alt_Pairwise_Usia!E2/Alt_Pairwise_Usia!E6 -> 0.27272727 | G2: =AVERAGE(B2:E2) -> 0.27272727
A3: Alt B | B3: =Alt_Pairwise_Usia!B3/Alt_Pairwise_Usia!B6 -> 0.27272727 | C3: =Alt_Pairwise_Usia!C3/Alt_Pairwise_Usia!C6 -> 0.27272727 | D3: =Alt_Pairwise_Usia!D3/Alt_Pairwise_Usia!D6 -> 0.27272727 | E3: =Alt_Pairwise_Usia!E3/Alt_Pairwise_Usia!E6 -> 0.27272727 | G3: =AVERAGE(B3:E3) -> 0.27272727
A4: Alt C | B4: =Alt_Pairwise_Usia!B4/Alt_Pairwise_Usia!B6 -> 0.18181818 | C4: =Alt_Pairwise_Usia!C4/Alt_Pairwise_Usia!C6 -> 0.18181818 | D4: =Alt_Pairwise_Usia!D4/Alt_Pairwise_Usia!D6 -> 0.18181818 | E4: =Alt_Pairwise_Usia!E4/Alt_Pairwise_Usia!E6 -> 0.18181818 | G4: =AVERAGE(B4:E4) -> 0.18181818
A5: Alt D | B5: =Alt_Pairwise_Usia!B5/Alt_Pairwise_Usia!B6 -> 0.27272727 | C5: =Alt_Pairwise_Usia!C5/Alt_Pairwise_Usia!C6 -> 0.27272727 | D5: =Alt_Pairwise_Usia!D5/Alt_Pairwise_Usia!D6 -> 0.27272727 | E5: =Alt_Pairwise_Usia!E5/Alt_Pairwise_Usia!E6 -> 0.27272727 | G5: =AVERAGE(B5:E5) -> 0.27272727

Sheet Alt_Pairwise_Pendapatan
B1: Alt A | C1: Alt B | D1: Alt C | E1: Alt D
A2: Alt A | B2: =Alternatives_Data!C2/Alternatives_Data!C2 -> 1 | C2: =Alternatives_Data!C2/Alternatives_Data!C3 -> 3 | D2: =Alternatives_Data!C2/Alternatives_Data!C4 -> 1.5 | E2: =Alternatives_Data!C2/Alternatives_Data!C5 -> 1
A3: Alt B | B3: =Alternatives_Data!C3/Alternatives_Data!C2 -> 0.33333333 | C3: =Alternatives_Data!C3/Alternatives_Data!C3 -> 1 | D3: =Alternatives_Data!C3/Alternatives_Data!C4 -> 0.5 | E3: =Alternatives_Data!C3/Alternatives_Data!C5 -> 0.33333333
A4: Alt C | B4: =Alternatives_Data!C4/Alternatives_Data!C2 -> 0.66666667 | C4: =Alternatives_Data!C4/Alternatives_Data!C3 -> 2 | D4: =Alternatives_Data!C4/Alternatives_Data!C4 -> 1 | E4: =Alternatives_Data!C4/Alternatives_Data!C5 -> 0.66666667
A5: Alt D | B5: =Alternatives_Data!C5/Alternatives_Data!C2 -> 1 | C5: =Alternatives_Data!C5/Alternatives_Data!C3 -> 3 | D5: =Alternatives_Data!C5/Alternatives_Data!C4 -> 1.5 | E5: =Alternatives_Data!C5/Alternatives_Data!C5 -> 1
A6: Column Sum | B6: =SUM(B2:B5) -> 3 | C6: =SUM(C2:C5) -> 9 | D6: =SUM(D2:D5) -> 4.5 | E6: =SUM(E2:E5) -> 3

Sheet Alt_Normalized_Pendapatan
B1: Alt A | C1: Alt B | D1: Alt C | E1: Alt D | G1: Local Priority
A2: Alt A | B2: =Alt_Pairwise_Pendapatan!B2/Alt_Pairwise_Pendapatan!B6 -> 0.33333333 | C2: =Alt_Pairwise_Pendapatan!C2/Alt_Pairwise_Pendapatan!C6 -> 0.33333333 | D2: =Alt_Pairwise_Pendapatan!D2/Alt_Pairwise_Pendapatan!D6 -> 0.33333333 | E2: =Alt_Pairwise_Pendapatan!E2/Alt_Pairwise_Pendapatan!E6 -> 0.33333333 | G2: =AVERAGE(B2:E2) -> 0.33333333
A3: Alt B | B3: =Alt_Pairwise_Pendapatan!B3/Alt_Pairwise_Pendapatan!B6 -> 0.11111111 | C3: =Alt_Pairwise_Pendapatan!C3/Alt_Pairwise_Pendapatan!C6 -> 0.11111111 | D3: =Alt_Pairwise_Pendapatan!D3/Alt_Pairwise_Pendapatan!D6 -> 0.11111111 | E3: =Alt_Pairwise_Pendapatan!E3/Alt_Pairwise_Pendapatan!E6 -> 0.11111111 | G3: =AVERAGE(B3:E3) -> 0.11111111
A4: Alt C | B4: =Alt_Pairwise_Pendapatan!B4/Alt_Pairwise_Pendapatan!B6 -> 0.22222222 | C4: =Alt_Pairwise_Pendapatan!C4/Alt_Pairwise_Pendapatan!C6 -> 0.22222222 | D4: =Alt_Pairwise_Pendapatan!D4/Alt_Pairwise_Pendapatan!D6 -> 0.22222222 | E4: =Alt_Pairwise_Pendapatan!E4/Alt_Pairwise_Pendapatan!E6 -> 0.22222222 | G4: =AVERAGE(B4:E4) -> 0.22222222
A5: Alt D | B5: =Alt_Pairwise_Pendapatan!B5/Alt_Pairwise_Pendapatan!B6 -> 0.33333333 | C5: =Alt_Pairwise_Pendapatan!C5/Alt_Pairwise_Pendapatan!C6 -> 0.33333333 | D5: =Alt_Pairwise_Pendapatan!D5/Alt_Pairwise_Pendapatan!D6 -> 0.33333333 | E5: =Alt_Pairwise_Pendapatan!E5/Alt_Pairwise_Pendapatan!E6 -> 0.33333333 | G5: =AVERAGE(B5:E5) -> 0.33333333

Sheet Alt_Pairwise_Jaminan
B1: Alt A | C1: Alt B | D1: Alt C | E1: Alt D
A2: Alt A | B2: =Alternatives_Data!D2/Alternatives_Data!D2 -> 1 | C2: =Alternatives_Data!D2/Alternatives_Data!D3 -> 0.5 | D2: =Alternatives_Data!D2/Alternatives_Data!D4 -> 0.33333333 | E2: =Alternatives_Data!D2/Alternatives_Data!D5 -> 1
A3: Alt B | B3: =Alternatives_Data!D3/Alternatives_Data!D2 -> 2 | C3: =Alternatives_Data!D3/Alternatives_Data!D3 -> 1 | D3: =Alternatives_Data!D3/Alternatives_Data!D4 -> 0.66666667 | E3: =Alternatives_Data!D3/Alternatives_Data!D5 -> 2
A4: Alt C | B4: =Alternatives_Data!D4/Alternatives_Data!D2 -> 3 | C4: =Alternatives_Data!D4/Alternatives_Data!D3 -> 1.5 | D4: =Alternatives_Data!D4/Alternatives_Data!D4 -> 1 | E4: =Alternatives_Data!D4/Alternatives_Data!D5 -> 3
A5: Alt D | B5: =Alternatives_Data!D5/Alternatives_Data!D2 -> 1 | C5: =Alternatives_Data!D5/Alternatives_Data!D3 -> 0.5 | D5: =Alternatives_Data!D5/Alternatives_Data!D4 -> 0.33333333 | E5: =Alternatives_Data!D5/Alternatives_Data!D5 -> 1
A6: Column Sum | B6: =SUM(B2:B5) -> 7 | C6: =SUM(C2:C5) -> 3.5 | D6: =SUM(D2:D5) -> 2.3333333 | E6: =SUM(E2:E5) -> 7

Sheet Alt_Normalized_Jaminan
B1: Alt A | C1: Alt B | D1: Alt C | E1: Alt D | G1: Local Priority
A2: Alt A | B2: =Alt_Pairwise_Jaminan!B2/Alt_Pairwise_Jaminan!B6 -> 0.14285714 | C2: =Alt_Pairwise_Jaminan!C2/Alt_Pairwise_Jaminan!C6 -> 0.14285714 | D2: =Alt_Pairwise_Jaminan!D2/Alt_Pairwise_Jaminan!D6 -> 0.14285714 | E2: =Alt_Pairwise_Jaminan!E2/Alt_Pairwise_Jaminan!E6 -> 0.14285714 | G2: =AVERAGE(B2:E2) -> 0.14285714
A3: Alt B | B3: =Alt_Pairwise_Jaminan!B3/Alt_Pairwise_Jaminan!B6 -> 0.28571429 | C3: =Alt_Pairwise_Jaminan!C3/Alt_Pairwise_Jaminan!C6 -> 0.28571429 | D3: =Alt_Pairwise_Jaminan!D3/Alt_Pairwise_Jaminan!D6 -> 0.28571429 | E3: =Alt_Pairwise_Jaminan!E3/Alt_Pairwise_Jaminan!E6 -> 0.28571429 | G3: =AVERAGE(B3:E3) -> 0.28571429
A4: Alt C | B4: =Alt_Pairwise_Jaminan!B4/Alt_Pairwise_Jaminan!B6 -> 0.42857143 | C4: =Alt_Pairwise_Jaminan!C4/Alt_Pairwise_Jaminan!C6 -> 0.42857143 | D4: =Alt_Pairwise_Jaminan!D4/Alt_Pairwise_Jaminan!D6 -> 0.42857143 | E4: =Alt_Pairwise_Jaminan!E4/Alt_Pairwise_Jaminan!E6 -> 0.42857143 | G4: =AVERAGE(B4:E4) -> 0.42857143
A5: Alt D | B5: =Alt_Pairwise_Jaminan!B5/Alt_Pairwise_Jaminan!B6 -> 0.14285714 | C5: =Alt_Pairwise_Jaminan!C5/Alt_Pairwise_Jaminan!C6 -> 0.14285714 | D5: =Alt_Pairwise_Jaminan!D5/Alt_Pairwise_Jaminan!D6 -> 0.14285714 | E5: =Alt_Pairwise_Jaminan!E5/Alt_Pairwise_Jaminan!E6 -> 0.14285714 | G5: =AVERAGE(B5:E5) -> 0.14285714

Sheet Alt_Pairwise_Pekerjaan
B1: Alt A | C1: Alt B | D1: Alt C | E1: Alt D
A2: Alt A | B2: =Alternatives_Data!E2/Alternatives_Data!E2 -> #DIV/0! | C2: =Alternatives_Data!E2/Alternatives_Data!E3 -> #DIV/0! | D2: =Alternatives_Data!E2/Alternatives_Data!E4 -> #DIV/0! | E2: =Alternatives_Data!E2/Alternatives_Data!E5 -> #DIV/0!
A3: Alt B | B3: =Alternatives_Data!E3/Alternatives_Data!E2 -> #DIV/0! | C3: =Alternatives_Data!E3/Alternatives_Data!E3 -> #DIV/0! | D3: =Alternatives_Data!E3/Alternatives_Data!E4 -> #DIV/0! | E3: =Alternatives_Data!E3/Alternatives_Data!E5 -> #DIV/0!
A4: Alt C | B4: =Alternatives_Data!E4/Alternatives_Data!E2 -> #DIV/0! | C4: =Alternatives_Data!E4/Alternatives_Data!E3 -> #DIV/0! | D4: =Alternatives_Data!E4/Alternatives_Data!E4 -> #DIV/0! | E4: =Alternatives_Data!E4/Alternatives_Data!E5 -> #DIV/0!
A5: Alt D | B5: =Alternatives_Data!E5/Alternatives_Data!E2 -> #DIV/0! | C5: =Alternatives_Data!E5/Alternatives_Data!E3 -> #DIV/0! | D5: =Alternatives_Data!E5/Alternatives_Data!E4 -> #DIV/0! | E5: =Alternatives_Data!E5/Alternatives_Data!E5 -> #DIV/0!
A6: Column Sum | B6: =SUM(B2:B5) -> #DIV/0! | C6: =SUM(C2:C5) -> #DIV/0! | D6: =SUM(D2:D5) -> #DIV/0! | E6: =SUM(E2:E5) -> #DIV/0!

Sheet Alt_Normalized_Pekerjaan
B1: Alt A | C1: Alt B | D1: Alt C | E1: Alt D | G1: Local Priority
A2: Alt A | B2: =Alt_Pairwise_Pekerjaan!B2/Alt_Pairwise_Pekerjaan!B6 -> #DIV/0! | C2: =Alt_Pairwise_Pekerjaan!C2/Alt_Pairwise_Pekerjaan!C6 -> #DIV/0! | D2: =Alt_Pairwise_Pekerjaan!D2/Alt_Pairwise_Pekerjaan!D6 -> #DIV/0! | E2: =Alt_Pairwise_Pekerjaan!E2/Alt_Pairwise_Pekerjaan!E6 -> #DIV/0! | G2: =AVERAGE(B2:E2) -> #DIV/0!
A3: Alt B | B3: =Alt_Pairwise_Pekerjaan!B3/Alt_Pairwise_Pekerjaan!B6 -> #DIV/0! | C3: =Alt_Pairwise_Pekerjaan!C3/Alt_Pairwise_Pekerjaan!C6 -> #DIV/0! | D3: =Alt_Pairwise_Pekerjaan!D3/Alt_Pairwise_Pekerjaan!D6 -> #DIV/0! | E3: =Alt_Pairwise_Pekerjaan!E3/Alt_Pairwise_Pekerjaan!E6 -> #DIV/0! | G3: =AVERAGE(B3:E3) -> #DIV/0!
A4: Alt C | B4: =Alt_Pairwise_Pekerjaan!B4/Alt_Pairwise_Pekerjaan!B6 -> #DIV/0! | C4: =Alt_Pairwise_Pekerjaan!C4/Alt_Pairwise_Pekerjaan!C6 -> #DIV/0! | D4: =Alt_Pairwise_Pekerjaan!D4/Alt_Pairwise_Pekerjaan!D6 -> #DIV/0! | E4: =Alt_Pairwise_Pekerjaan!E4/Alt_Pairwise_Pekerjaan!E6 -> #DIV/0! | G4: =AVERAGE(B4:E4) -> #DIV/0!
A5: Alt D | B5: =Alt_Pairwise_Pekerjaan!B5/Alt_Pairwise_Pekerjaan!B6 -> #DIV/0! | C5: =Alt_Pairwise_Pekerjaan!C5/Alt_Pairwise_Pekerjaan!C6 -> #DIV/0! | D5: =Alt_Pairwise_Pekerjaan!D5/Alt_Pairwise_Pekerjaan!D6 -> #DIV/0! | E5: =Alt_Pairwise_Pekerjaan!E5/Alt_Pairwise_Pekerjaan!E6 -> #DIV/0! | G5: =AVERAGE(B5:E5) -> #DIV/0!

Sheet Aggregation
A1: Alternative | B1: Usia | C1: Pendapatan | D1: Jaminan | E1: Pekerjaan | H1: Global Score
A2: Alt A | B2: =Alt_Normalized_Usia!G2 -> 0.27272727 | C2: =Alt_Normalized_Pendapatan!G2 -> 0.33333333 | D2: =Alt_Normalized_Jaminan!G2 -> 0.14285714 | E2: =Alt_Normalized_Pekerjaan!G2 -> #DIV/0! | H2: =SUMPRODUCT(B2:E2,B7:E7) -> #DIV/0!
A3: Alt B | B3: =Alt_Normalized_Usia!G3 -> 0.27272727 | C3: =Alt_Normalized_Pendapatan!G3 -> 0.11111111 | D3: =Alt_Normalized_Jaminan!G3 -> 0.28571429 | E3: =Alt_Normalized_Pekerjaan!G3 -> #DIV/0! | H3: =SUMPRODUCT(B3:E3,B7:E7) -> #DIV/0!
A4: Alt C | B4: =Alt_Normalized_Usia!G4 -> 0.18181818 | C4: =Alt_Normalized_Pendapatan!G4 -> 0.22222222 | D4: =Alt_Normalized_Jaminan!G4 -> 0.42857143 | E4: =Alt_Normalized_Pekerjaan!G4 -> #DIV/0! | H4: =SUMPRODUCT(B4:E4,B7:E7) -> #DIV/0!
A5: Alt D | B5: =Alt_Normalized_Usia!G5 -> 0.27272727 | C5: =Alt_Normalized_Pendapatan!G5 -> 0.33333333 | D5: =Alt_Normalized_Jaminan!G5 -> 0.14285714 | E5: =Alt_Normalized_Pekerjaan!G5 -> #DIV/0! | H5: =SUMPRODUCT(B5:E5,B7:E7) -> #DIV/0!
B7: =Criteria_Normalized!G2 -> 0.17575092 | C7: =Criteria_Normalized!G3 -> 0.17835165 | D7: =Criteria_Normalized!G4 -> 0.26901099 | E7: =Criteria_Normalized!G5 -> 0.37688645
